CLADE	FAMILY_ID	MIRBASE_IDS	SEQ	Lung_M1_*	Lung_F1_*	Lung_F2_*	Lung_M2_*	Lung_F3_*	Lung_M3_*
dicots	771	ath-miR771	TGAGCCTCTGTGGTAGCCCT	0	0	1	0	0	1
rodents	344	mmu-miR-344i	AAGTCAGGCTCCTGGCTGGA	1	0	0	0	0	1
rodents	879	mmu-miR-879,rno-miR-879	AGAGGCTTATAGCTCTAAGC	595	579	714	704	228	852
rodents	666	mmu-miR-666	AGCGGGCACAGCTGTGAGAG	11	7	6	7	2	23
rodents	434	rno-miR-434	AGCTCGACTCATGGTTTGAA	39	16	37	51	9	73
rodents	540	mmu-miR-540,rno-miR-540	AGGTCAGAGGTCGATCCTGG	12	1	10	6	2	10
rodents	344	mmu-miR-344d	AGTCAGGCTAGTGGTTATAC	2	0	0	0	0	0
rodents	540	mmu-miR-540,rno-miR-540	CAAGGGTCACCCTCTGACTC	9	2	7	13	1	15
rodents	674	cgr-miR-674,mmu-miR-674,rno-miR-674	CACAGCTCCCATCTCAGAAC	356	248	832	308	374	439
rodents	344	mmu-miR-344b	CATTTAGCCAAAGCCTGACT	0	1	0	0	0	0
rodents	673	mmu-miR-673	CTCACAGCTCTGGTCCTTGG	24	26	38	25	9	35
rodents	344	mmu-miR-344f	CTCTAGCCAGGACCTGACTA	0	0	0	0	0	1
rodents	879	rno-miR-879	CTTATGGCTTCAAGCTTTCG	37	29	18	26	4	29
rodents	547	mmu-miR-547	CTTGGTACATCTTTGAGTGA	5	7	6	4	1	9
rodents	344	mmu-miR-344e	GATATAACCAAAGCCTGACT	1	0	0	0	0	0
rodents	344	mmu-miR-344d	GATATAACCACTGCCAGACT	1	4	5	8	4	4
rodents	465	mmu-miR-465a,mmu-miR-465b,mmu-miR-465c	GATCAGGGCCTTTCTAAGTA	0	0	1	0	0	0
rodents	674	mmu-miR-674,rno-miR-674	GCACTGAGATGGGAGTGGTG	245	83	76	287	38	293
rodents	434	mmu-miR-434	GCTCGACTCATGGTTTGAAC	159	50	117	147	41	244
rodents	879	mmu-miR-879	GCTTATGGCTTCAAGCTTTC	2	0	1	1	0	1
rodents	666	mmu-miR-666,rno-miR-666	GGCTGCAGCGTGATCGCCTG	0	0	1	0	0	1
rodents	351	mmu-miR-351,rno-miR-351	GGTCAAGAGGCGCCTGGGAA	30	5	13	52	5	45
rodents	463	mmu-miR-463,rno-miR-463	TACCTAATTTGTTGTCCATC	0	0	1	0	0	0
rodents	465	mmu-miR-465c	TATTTAGAATGGCGCTGATC	0	0	1	0	0	0
rodents	465	mmu-miR-465b	TATTTAGAATGGTGCTGATC	0	2	1	0	0	0
rodents	351	mmu-miR-351,rno-miR-351	TCCCTGAGGAGCCCTTTGAG	47753	28178	33931	58112	25028	61134
rodents	673	mmu-miR-673	TCCGGGGCTGAGTTCTGTGC	11	6	5	8	10	14
rodents	341	mmu-miR-341,rno-miR-341	TCGGTCGATCGGTCGGTCGG	4	3	16	4	4	12
rodents	667	mmu-miR-667,rno-miR-667	TGACACCTGCCACCCAGCCC	7	6	7	6	2	8
rodents	344	cgr-miR-344,mmu-miR-344,rno-miR-344a	TGATCTAGCCAAAGCCTGAC	25	12	42	25	21	23
rodents	344	mmu-miR-344c	TGATCTAGTCAAAGCCTGAC	0	0	1	0	0	0
rodents	434	mmu-miR-434,rno-miR-434	TTTGAACCATCACTCGACTC	172	65	141	241	72	241
